Company Name,Location,Phone,URL
Omtech,Gurgaon,08048612833,https://www.indiamart.com/omtech-gurgaon/?pos=1&kwd=bluetooth speaker&tags=rk:A|plc:1|dt:0|db:01||dtp:p|pfs:1|sv:T|rsf:gd|ri:T_A_0_P-|-res:RC4|ktp:N0|stype:attr=1|mtp:G|wc:2|lcf:3|cq:gurugram|qr_nm:gl-gd|cs:17549|com-cf:nl|ptrs:na|mc:23505|cat:67|qry_typ:P|lang:en|rtn:0-0-0-0-4-6-0|tyr:2|qrd:250808|mrd:250701|prdt:250808|msf:ls|pfen:1|gli:G0I1|v=4|crs=glb
Ausha Exports (OPC) Pvt Ltd,Gurugram,08048977694,https://www.aushaelectronics.com/?pos=2&kwd=bluetooth speaker&tags=rk:B|plc:1|dt:0|db:01|prc:1|dtp:p|pfs:1|sv:T|rsf:gd|ri:T_B_0_P-|-res:RC4|ktp:N0|stype:attr=1|mtp:G|wc:2|lcf:3|cq:gurugram|qr_nm:gl-gd|cs:17549|com-cf:nl|ptrs:na|mc:23505|cat:67|qry_typ:P|lang:en|rtn:0-0-0-0-4-6-0|tyr:2|qrd:250808|mrd:250701|prdt:250808|msf:ls|pfen:1|gli:G0I1|v=4|crs=glb
Crimson Communicare LLP,Gurugram,08047630737,https://www.crimsonkart.com/?pos=3&kwd=bluetooth speaker&tags=rk:B|plc:1|dt:0|db:01|prc:1|dtp:p|pfs:1|sv:T|rsf:gd|ri:T_B_0_P-|-res:RC4|ktp:N0|stype:attr=1|mtp:G|wc:2|lcf:3|cq:gurugram|qr_nm:gl-gd|cs:17549|com-cf:nl|ptrs:na|mc:23505|cat:67|qry_typ:P|lang:en|rtn:0-0-0-0-4-6-0|tyr:2|qrd:250808|mrd:250701|prdt:250808|msf:ls|pfen:1|gli:G0I1|v=4|crs=glb
AV Retail Pvt. Ltd.,Gurugram,08046068554,https://www.indiamart.com/avretail-gurgaon/?pos=4&kwd=bluetooth speaker&tags=rk:B|plc:1|dt:0|db:01|prc:1|dtp:p||sv:S|rsf:gd|ri:S_B_0_P-|-res:RC4|ktp:N0|stype:attr=1|mtp:G|wc:2|lcf:3|cq:gurugram|qr_nm:gl-gd|cs:17549|com-cf:nl|ptrs:na|mc:23505|cat:67|qry_typ:P|lang:en|rtn:0-0-0-0-4-6-0|tyr:2|qrd:250808|mrd:250701|prdt:250808|msf:ls|pfen:1|gli:G0I1|v=4|crs=glb
Balaji Digital Xpress,Gurugram,08046031995,https://www.bdxstore.com/?pos=5&kwd=bluetooth speaker&tags=rk:A|plc:1|dt:0|db:01|prc:1|dtp:p|pfs:1|sv:T|rsf:gd|ri:T_A_0_P-|-res:RC4|ktp:N0|stype:attr=1|mtp:G|wc:2|lcf:3|cq:gurugram|qr_nm:gl-gd|cs:17549|com-cf:nl|ptrs:na|mc:23505|cat:67|qry_typ:P|lang:en|rtn:0-0-0-0-4-6-0|tyr:2|qrd:250808|mrd:250701|prdt:250808|msf:ls|pfen:1|gli:G0I1|v=4|crs=glb
Beyou Enterprises,New Delhi,08043857480,https://www.beyouindia.com/?pos=6&kwd=bluetooth speaker&tags=rk:A|plc:1|dt:28|db:01|prc:1|dtp:p|pfs:1|sv:L|rsf:gl|ri:L_A_50_P-|-res:RC4|ktp:N0|stype:attr=1|mtp:G|wc:2|lcf:3|cq:gurugram|qr_nm:gl-gd|cs:17549|com-cf:nl|ptrs:na|mc:23505|cat:67|qry_typ:P|lang:en|rtn:0-0-0-0-4-6-0|tyr:2|qrd:250808|mrd:250701|prdt:250808|msf:ls|pfen:1|gli:G0I1|v=4|crs=glb
Expertzone,New Delhi,08046045136,https://www.expertzonedigital.in/?pos=7&kwd=bluetooth speaker&tags=rk:A|plc:1|dt:28|db:01|prc:1|dtp:p|pfs:1|sv:L|rsf:gl|ri:L_A_50_P-|-res:RC4|ktp:N0|stype:attr=1|mtp:G|wc:2|lcf:3|cq:gurugram|qr_nm:gl-gd|cs:17549|com-cf:nl|ptrs:na|mc:23505|cat:67|qry_typ:P|lang:en|rtn:0-0-0-0-4-6-0|tyr:2|qrd:250808|mrd:250701|prdt:250808|msf:ls|pfen:1|gli:G0I1|v=4|crs=glb
H And K Promotions,New Delhi,08046076685,https://www.indiamart.com/h-kpromotions/?pos=8&kwd=bluetooth speaker&tags=rk:A|plc:1|dt:28|db:01|prc:1|dtp:p|pfs:1|sv:L|rsf:gl|ri:L_A_50_P-|-res:RC4|ktp:N0|stype:attr=1|mtp:G|wc:2|lcf:3|cq:gurugram|qr_nm:gl-gd|cs:17549|com-cf:nl|ptrs:na|mc:23505|cat:67|qry_typ:P|lang:en|rtn:0-0-0-0-4-6-0|tyr:2|qrd:250808|mrd:250701|prdt:250808|msf:ls|pfen:1|gli:G0I1|v=4|crs=glb
Revox24,New Delhi,08041015249,https://www.revox24.in/?pos=9&kwd=bluetooth speaker&tags=rk:A|plc:1|dt:28|db:01|prc:1|dtp:p|pfs:1|sv:S|rsf:gl|ri:S_A_50_P-|-res:RC4|ktp:N0|stype:attr=1|mtp:G|wc:2|lcf:3|cq:gurugram|qr_nm:gl-gd|cs:17549|com-cf:nl|ptrs:na|mc:23505|cat:67|qry_typ:P|lang:en|rtn:0-0-0-0-4-6-0|tyr:2|qrd:250808|mrd:250701|prdt:250808|msf:ls|pfen:1|gli:G0I1|v=4|crs=glb
Ayush Trade India,New Delhi,08047305602,https://www.ayushtradeindia.com/?pos=10&kwd=bluetooth speaker&tags=rk:A|plc:1|dt:28|db:01|prc:1|dtp:p|pfs:1|sv:S|rsf:gl|ri:S_A_50_P-|-res:RC4|ktp:N0|stype:attr=1|mtp:G|wc:2|lcf:3|cq:gurugram|qr_nm:gl-gd|cs:17549|com-cf:nl|ptrs:na|mc:23505|cat:67|qry_typ:P|lang:en|rtn:0-0-0-0-4-6-0|tyr:2|qrd:250808|mrd:250701|prdt:250808|msf:ls|pfen:1|gli:G0I1|v=4|crs=glb
Amaflip India Private Limited,Barwala,07942713930,https://www.indiamart.com/amaflip-india/?pos=11&kwd=bluetooth speaker&tags=rk:A|plc:1|dt:148|db:03|prc:1|dtp:p|pfs:1|sv:S|rsf:gl|ri:S_A_250_P-|-res:RC4|ktp:N0|stype:attr=1|mtp:G|wc:2|lcf:3|cq:gurugram|qr_nm:gl-gd|cs:17549|com-cf:nl|ptrs:na|mc:23505|cat:67|qry_typ:P|lang:en|rtn:0-0-0-0-7-3-0|tyr:2|qrd:250808|mrd:250701|prdt:250808|msf:ls|pfen:1|gli:G0I1|v=4|crs=glb
Aradhaya Enterprises,New Delhi,08048986139,https://www.aradhayaenterprises.in/?pos=12&kwd=bluetooth speaker&tags=rk:A|plc:1|dt:28|db:01|prc:1|dtp:p|pfs:1|sv:T|rsf:gd|ri:T_A_50_P-|-res:RC4|ktp:N0|stype:attr=1|mtp:G|wc:2|lcf:3|cq:gurugram|qr_nm:gl-gd|cs:17549|com-cf:nl|ptrs:na|mc:23505|cat:67|qry_typ:P|lang:en|rtn:0-0-0-0-7-3-0|tyr:2|qrd:250808|mrd:250701|prdt:250808|msf:ls|pfen:1|gli:G0I1|v=4|crs=glb
Yoroto International,New Delhi,08048967421,https://www.indiamart.com/soroo/?pos=13&kwd=bluetooth speaker&tags=rk:A|plc:1|dt:28|db:01||dtp:p|pfs:1|sv:T|rsf:gd|ri:T_A_50_P-|-res:RC4|ktp:N0|stype:attr=1|mtp:G|wc:2|lcf:3|cq:gurugram|qr_nm:gl-gd|cs:17549|com-cf:nl|ptrs:na|mc:23505|cat:67|qry_typ:P|lang:en|rtn:0-0-0-0-7-3-0|tyr:2|qrd:250808|mrd:250701|prdt:250808|msf:ls|pfen:1|gli:G0I1|v=4|crs=glb
Solvier Technologies Private Limited,New Delhi,08046057215,https://www.indiamart.com/solviertechnologies/?pos=14&kwd=bluetooth speaker&tags=rk:A||dt:28|db:01||dtp:p|pfs:1|sv:T|rsf:gd|ri:T_A_50_NP-|-res:RC4|ktp:N0|stype:attr=1|mtp:G|wc:2|lcf:3|cq:gurugram|qr_nm:gl-gd|cs:17549|com-cf:nl|ptrs:na|mc:23505|cat:67|qry_typ:P|lang:en|rtn:0-0-0-0-7-3-0|tyr:2|qrd:250808|mrd:250701|prdt:250808|msf:ls|pfen:1|gli:G0I1|v=4|crs=glb
Just Magic,New Delhi,08046030364,https://www.justmagic.in/?pos=15&kwd=bluetooth speaker&tags=rk:A|plc:1|dt:28|db:01|prc:1|dtp:p|pfs:1|sv:T|rsf:gd|ri:T_A_50_P-|-res:RC4|ktp:N0|stype:attr=1|mtp:G|wc:2|lcf:3|cq:gurugram|qr_nm:gl-gd|cs:17549|com-cf:nl|ptrs:na|mc:23505|cat:67|qry_typ:P|lang:en|rtn:0-0-0-0-7-3-0|tyr:2|qrd:250808|mrd:250701|prdt:250808|msf:ls|pfen:1|gli:G0I1|v=4|crs=glb
Zipker International,New Delhi,08047653260,https://www.hotnix.in/?pos=16&kwd=bluetooth speaker&tags=rk:A|plc:1|dt:28|db:01|prc:1|dtp:p|pfs:1|sv:T|rsf:gd|ri:T_A_50_P-|-res:RC4|ktp:N0|stype:attr=1|mtp:G|wc:2|lcf:3|cq:gurugram|qr_nm:gl-gd|cs:17549|com-cf:nl|ptrs:na|mc:23505|cat:67|qry_typ:P|lang:en|rtn:0-0-0-0-7-3-0|tyr:2|qrd:250808|mrd:250701|prdt:250808|msf:ls|pfen:1|gli:G0I1|v=4|crs=glb
Shri Sai Telecom,New Delhi,07942565603,https://www.indiamart.com/shrisaitelecom-newdelhi/?pos=17&kwd=bluetooth speaker&tags=rk:A|plc:1|dt:28|db:01|prc:1|dtp:p|pfs:1|sv:T|rsf:gd|ri:T_A_50_P-|-res:RC4|ktp:N0|stype:attr=1|mtp:G|wc:2|lcf:3|cq:gurugram|qr_nm:gl-gd|cs:17549|com-cf:nl|ptrs:na|mc:23505|cat:67|qry_typ:P|lang:en|rtn:0-0-0-0-7-3-0|tyr:2|qrd:250808|mrd:250701|prdt:250808|msf:ls|pfen:1|gli:G0I1|v=4|crs=glb
Mobizac Enterprises,New Delhi,08043884125,https://www.indiamart.com/mobizac-enterprises/?pos=18&kwd=bluetooth speaker&tags=rk:A|plc:1|dt:28|db:01|prc:1|dtp:p|pfs:1|sv:T|rsf:gd|ri:T_A_50_P-|-res:RC4|ktp:N0|stype:attr=1|mtp:G|wc:2|lcf:3|cq:gurugram|qr_nm:gl-gd|cs:17549|com-cf:nl|ptrs:na|mc:23505|cat:67|qry_typ:P|lang:en|rtn:0-0-0-0-7-3-0|tyr:2|qrd:250808|mrd:250701|prdt:250808|msf:ls|pfen:1|gli:G0I1|v=4|crs=glb
Tisha Impex,New Delhi,08047635498,https://www.gadgetsonlinestore.com/?pos=19&kwd=bluetooth speaker&tags=rk:A|plc:1|dt:28|db:01|prc:1|dtp:p||sv:T|rsf:gd|ri:T_A_50_P-|-res:RC4|ktp:N0|stype:attr=1|mtp:G|wc:2|lcf:3|cq:gurugram|qr_nm:gl-gd|cs:17549|com-cf:nl|ptrs:na|mc:23505|cat:67|qry_typ:P|lang:en|rtn:0-0-0-0-7-3-0|tyr:2|qrd:250808|mrd:250701|prdt:250808|msf:ls|pfen:1|gli:G0I1|v=4|crs=glb
S M Traders,New Delhi,07942674592,https://www.smtradersonline.com/?pos=20&kwd=bluetooth speaker&tags=rk:A|plc:1|dt:28|db:01|prc:1|dtp:p|pfs:1|sv:T|rsf:gd|ri:T_A_50_P-|-res:RC4|ktp:N0|stype:attr=1|mtp:G|wc:2|lcf:3|cq:gurugram|qr_nm:gl-gd|cs:17549|com-cf:nl|ptrs:na|mc:23505|cat:67|qry_typ:P|lang:en|rtn:0-0-0-0-7-3-0|tyr:2|qrd:250808|mrd:250701|prdt:250808|msf:ls|pfen:1|gli:G0I1|v=4|crs=glb
