Name,Supplier,Phone,Address,Price
Susakgjyo Bussiness Private Limited,Susakgjyo Bussiness Private Limited,07942958208,"House No 72/6, Haily Mandi, Gurgaon, Gurugram - 122504, Dist.Gurugram, Haryana",
Elpisverse,Elpisverse,07949324212,"1730-1733, Dariba Kalan Road,New Delhi, New Delhi - 110006, Dist.New Delhi, Delhi",
Wod Armour,Wod Armour,,"House No 18, New Colony,, New Colony, Gurugram - 122001, Dist.Gurugram, Haryana",
Equalitas Systemcert Private Limited,Equalitas Systemcert Private Limited,07942710282,"Ground Floor, A-19, Fiee Complex, Kartar Tower, Okhla Phase 2, Okhla Industrial Estate Phase 2,, Okhla Industrial Estate, New Delhi - 110020, Dist.New Delhi, Delhi",
George Institute For Global Health,George Institute For Global Health,"08044464736,1600","311-312, Third Floor, Elegance Tower, Plot No. 8,, Jasola District Centre, New Delhi - 110025, Dist.New Delhi, Delhi",
Optima Insurance Brokers Private Limited,Optima Insurance Brokers Private Limited,"08044017167,2913","M-4, Greater Kailash-II, Greater Kailash 4, New Delhi - 110048, Dist.New Delhi, Delhi",
Biotech Healthcare Limited,Biotech Healthcare Limited,"08047649408,4128","B-218, 2ND FLOOR, PRIYADARSHINI VIHAR, New Delhi - 110092, Dist.New Delhi, Delhi",
Blueocean Healthcare International Private Limited,Blueocean Healthcare International Private Limited,"08047825092,1550","A-130,91, Springboard Sector- 63, Sector 63, Noida - 201301, Dist.Gautam Buddha Nagar, Uttar Pradesh",
Hrhonchos Consulting & Solutions Private Limited,Hrhonchos Consulting & Solutions Private Limited,"08044464594,6793","15/18 Windsor Flats, Gulmohar Road, Shipra Suncity, Indirapuram, Ghaziabad - 201014, Dist.Ghaziabad, Uttar Pradesh",
Sage Herbals Private Limited,Sage Herbals Private Limited,08046031505,"A-8, Upsidc Industrial Area, M.G.Road, Phase-Ii, Hapur - 245101, Dist.Hapur, Uttar Pradesh",
Pravartan Technologies Private Limited,Pravartan Technologies Private Limited,"08047812548,5218","Sector 56, Sector 56, Gurgaon - 122011, Dist.Gurugram, Haryana",
Healthy Next Solutions Private Limited,Healthy Next Solutions Private Limited,"08044016439,4227","3204,Sector 46 Road,Gurugram,Gurugram, Gurugram - 122003, Dist.Gurugram, Haryana",
Your Service Partners,Your Service Partners,"08045168636,8327","101 Tower D,10,New Town Heights,Sector 90,Garhi Harsaru,Gurugram, Gurugram - 122505, Dist.Gurugram, Haryana",
Being Healthy Pharmacy,Being Healthy Pharmacy,"08047523647,5072","Building No.306 , Opp. Radha Swami Satsang, Ground Floor Umang Hospital, Main Pataudli Road, Gurugram - 122001, Dist.Gurugram, Haryana",
Indivation Exports Private Limited,Indivation Exports Private Limited,"08048954708,1888","59b, Sector 37, Pace City I, Gurugram - 122001, Dist.Gurugram, Haryana",
Commivik Infosystem Private Limited,Commivik Infosystem Private Limited,"08044016085,8818","First Floor, 23, Royal Street, Omaxe City, Sector-15, Bahadurgarh, Jhajjar, Haryana,, Bahadurgarh - 124507, Dist.Jhajjar, Haryana",
Sakaar Corporate Services Pvt. Ltd.,Sakaar Corporate Services Pvt. Ltd.,"08044464584,6318","70/1/2 Mangolpur Kalan , Mangolpuri ,Near Allahabad Bank ,Marble Market, Marble Market, New Delhi - 110085, Dist.New Delhi, Delhi",
Bajrang Medicos,Bajrang Medicos,"08044464877,8343","T-4 SHUKKAR BAZAR UTTAM NAGAR, Uttam Nagar, New Delhi - 110059, Dist.New Delhi, Delhi",
Nanda Springs,Nanda Springs,"08047668921,1461","J-58-a, Beriwala Bagh, Hari Nagar, Hari Nagar Beriwala Bagh, New Delhi - 110064, Dist.New Delhi, Delhi",
Edifice Consultants Private Limited,Edifice Consultants Private Limited,"08046052889,2728","604,Near Apollo Hospital,Jasola,Dlf Tower-B,Jasola District Center,Jasola,South, New Delhi - 110025, Dist.New Delhi, Delhi",
